i‚Äôm still gonna see the movie when it properly comes out because it‚Äôs rare that a whole ass movie comes out centere‚Ä¶ https://t.co/40WYRuWUpj,FALLlNGSNOW,she / they || k m i || g ‚ô°
Every Hidden Meaning In The Trailer For The New Jordan Peele Movie 'Us' https://t.co/1FenuiNSju,Mister_Moose17,"iPhone: 34.091720,-118.368608"
"RT @exokiss88: Chanyeol is really genius, he knows how to play it well. Baek grab Xiumin, then Chanyeol grab Xiumin, so Baekhyun will move‚Ä¶",yi_yoooo,
RT @HallyuM: [CONTEST] Be the first to catch this hottest Sci-Fi movie &lt;TAKE POINT&gt;as we're giving you the chance to win the premiere ticke‚Ä¶,aliceamaniey,"Kelantan, Malaysia"
"(  Suggest me a film, please? I love fantasy movies like Fantastic Beast and Harry Potter series, by the way.  )",yerimoine,was malgewmi
RT @Electivirus: This scene from the 2011 Winnie the Pooh film never fails to slay me https://t.co/VoslpCNGZl,rissaa_taitee,"San Diego, CA"
RT @chiminyoons: anything for you beb &lt;3 https://t.co/bHoAZ2d8jQ,FotiniOfficial,Greece or in my own world 
RT @ShapesHQ: Big tune from our G @NLMTmusic is out now!! https://t.co/dPTvWSsf4s,NLMTmusic,"Bradford, England"
"RT @Lemon_OVA: Who deserved a movie more

RT for MermaidMan
Like for Aquaman https://t.co/RK28VlHmzX",dragonleaf123,
RT @AidanOCardiff: Would love to do something meaningful with #plasticpollution in my immediate environment. Struck by the enormity/futilit‚Ä¶,ShirkePragati,"Mumbai, India"
"RT @dangzb: I'm hoping for a Star Cinema movie this year üòÅ

#42ndMainesary
@mainedcm | #MaineMendoza https://t.co/JQQL1fBiX1",JAnna49359962,
So we just gonna gloss over the fact that Phat Joe was in @NightSchool &amp; they didn't play a single one of his songs‚Ä¶ https://t.co/gy38u4jprm,SophiaCstokes,"Urbana, OH"
"RT @TheKhbri: How many RTs for @Shoaib_Ibrahim1 ‚Äòs movie -Battalion 609 which is releasing on 11th Jan!

Watch it with @ms_dipika in an Cin‚Ä¶",Pari35421771,
fr!!! a true masterpiece of a movieüò™,lil_lexxaa,bay area
"RT @aruurara: Robh Ruppel
Design and Art for animation, games and feature film

--
Share via Artstation iOS App, Artstation ¬© 2019 https://‚Ä¶",Xalmonita,"Uberaba, Brasil"
RT @CatherinePaiz: So Elle &amp; I were just watching this movie where the little girl gets older which means the actor obviously changed to an‚Ä¶,theodorabaker13,"Arizona, USA"
"RT @ProfJuneG: Hi, I'm a nurse in a movie. I am practically a nun. I am saintly, beautiful, dedicated and selfless. I am stuck in the 1950s‚Ä¶",Louise90999815,"Newcastle Upon Tyne, England"
"Hello, I‚Äôm a bisexual in a movie. I never actually say the word bisexual. If I end up in a relationship, I can no l‚Ä¶ https://t.co/GFK5DXVPnP",CapriceZombie,
RT @Tennesseine: Omg!!! A young woman danced as a teen and it‚Äôs on film! Quelle horreur!! The scandal! Makes me long for the good ol‚Äô days‚Ä¶,56030207415a433,
RT @Dizzyharris_: You too young for me if you don‚Äôt remember this movie ! https://t.co/kxq6QQ6t1s,tanajiacole31,
the circle was the dumbest movie ive ever seen. why the hell would Netflix recommend it to me üòê,BoriBonitaaa,
"RT @Melodia_Muse: [VIDEO] [CHC x NU'EST W] photo shoot making film!

Please click the like it and leave a nice comment üòä
https://t.co/wqEKl‚Ä¶",pockyjelly0608,L.O.V.E.derland üíï
"@TheIndyTV @Independent How comes black male TV and movie characters only seem ti be attracted to white women?

Wha‚Ä¶ https://t.co/uCUqHKpKcy",TheTruthToday5,United Kingdom
"RT @badpostestone: Emma Stone attends the 30th Annual Palm Springs International Film Festival Film Awards Gala on January 3, 2019 in Palm‚Ä¶",xLonelygirl_,with bastille
"RT @BAEKHODIARY_TH: [CHC √ó NU'EST W] Making Film üê¢üê∂üêØüê∞

üîóhttps://t.co/wfsGfALRFD

#NUEST_W #Îâ¥Ïù¥Ïä§Ìä∏W https://t.co/OTK7vkN4Sc",callmewize,
RT @courtneytrouble: Roulette Toronto is now streaming free for every NoFauxxx/Indie Porn Revolution member along with our growing full len‚Ä¶,courtneytrouble,USA
"RT @ColdWarScience: Hello, I'm a historian in a movie. I'm a guy, unless I have long, honey-colored hair and extremely stylish glasses that‚Ä¶",Parkesland,"London, UK"
RT @igtamil: Mani Ratnam-Vikram-Simbu project ropes in these two mega Bollywood superstars? #Maniratnam #PonniyinSelvan  https://t.co/V2H16‚Ä¶,Chiyaan_Moorthi,
My local SM cinemas better have the LLSS movie since we got BNHA before,Soarina_Umi,At Mezzo and Nagi's heart
"RT @OBRAWAREGTxXx: I liked a @YouTube video https://t.co/s74i6YUyXa DRAGON BALL SUPER: BROLY - MAIN THEME ""Blizzard - Daichi Miura"" MV Movi‚Ä¶",yapporgiz,JPN
"RT @Tallychyck: Aspiring feature storyboard artists~
The entire Spider-Man: into the Spider-Verse script is now available for free online -‚Ä¶",Kiradraws1,
"RT @BAEKHODIARY_TH: [CHC √ó NU'EST W] Making Film üê¢üê∂üêØüê∞

üîóhttps://t.co/wfsGfALRFD

#NUEST_W #Îâ¥Ïù¥Ïä§Ìä∏W https://t.co/OTK7vkN4Sc",NNOOCH1O4,
RT @MMXIkathniel: Hello Star Cinema still haven't reached them. Please help the film festival reach the people behind THOU or any person in‚Ä¶,mheanchubs,
RT @BloomsburyIndia: #TheLastColor premieres today at Palm Springs International Film Festival. Read the book before you see the movie. @Th‚Ä¶,Soniya1421,India
"RT @offlkwc: #Vikatan2018Awards #VikatanAwards 

Best Movie #MerrkkuThodarchiMalai 
Best Director @mari_selvaraj 
Best Actor @dhanushkraja‚Ä¶",ThamizhThalaiv1,"Toronto, Canada."
"RT @julzgum: don‚Äôt miss the #HeartPunchMayWard
on Fantastica movie 

#HeartPunchMayWard

@maymayentrata07 @Barber_Edward_ https://t.co/KL8l‚Ä¶",apol_jocelyn,"Kuwait,State of Kuwait"
"RT @ChrisMartinPr: Hello, I'm a doctor in a movie. I use defib on a flatlined patient instead of adrenaline, despite knowing that a flatlin‚Ä¶",compbiobryan,"Champaign, IL"
American Revolution movie: https://t.co/Bx0V3D26If via @YouTube,GeorgievGaming,MY HOME
RT @_AlexHirsch: Hello I‚Äôm an animator in a movie. Just kidding ha ha animators don‚Äôt exist in movies no one really knows what they are,catvvitch_,Twin Peaks
RT @GHFilm: Delighted to announce that Albatross @cj_artist has won this year's ¬£10K Planetary Health Film Prize! Congratulations to Chris‚Ä¶,SharerUssharing,"Amsterdam,  Netherlands"
RT @AlekKolev: *WIP* This was a test took me like couple of days to do in my spare time after work. It was for a friend who wanted me to pu‚Ä¶,wintermute0110,Deep Meditative State
Comic Crypt: Indie Horror Comic MERCY SPARX Now in Development For Film &amp;¬†TV! https://t.co/i6Cd6volp9 https://t.co/HUQ0yKpvga,HorrorPatch666,"Chicago, IL"
"RT @ABSCBN: Excited for Nadine Lustre's upcoming film? Here's a sneak peek:
https://t.co/48JWpNfLfn",nadine34249839,
RT @PSFilmFest: @LauraDern presenting the Spotlight Award to @RealChalamet for @beautifulboymov at the 2019 Palm Springs International Film‚Ä¶,ggrzadkowski,Warszawa
"I just watched this while in a hotel room with dad (distracted, on his phone), and my brother Bryce (mom's in the b‚Ä¶ https://t.co/TeQeuZqdaK",AddisonDJenkins,"Provo, UT"
RT @drewisgooden: I remade that awful scene from the new Kim Possible movie: https://t.co/p9jqttyyJu,lewis_bond,Chesterfield
"RT @seokjinbit: BTS in 2019 so far

-Run BTS
-Promise by Jimin
-Jungkook‚Äôs mixtape (not confirmed)
-Agust D‚Äôs comeback (not confirmed)
-BTS‚Ä¶",sebbeuntin,
"RT @_roryturnbull: Hello, I'm a professor in a movie, I only reach the main point of my lecture right as class is ending. Then I yell at st‚Ä¶",BedlamBrewery,"Brighton, England"
"RT @igtamil: Which is your all time Fav movie of #Thala #Ajith 
Let's see which movie is liked by most people. https://t.co/NPcE3S7mSx",hatershunter777,india
RT @unusualvideos: idk how i feel about the new minions movie https://t.co/MhlFZIQsan,Hyperion177,"Queensland, Australia"
"RT @AnandCinemas: #Sarkar was the only movie which ran for 21 days @AnandCinemas.

Whereas #2Point0 (2D) ran for 9 days.

For us 2018 Top g‚Ä¶",magesh_go,"Kundrathur, India"
"Two favorite hobbies combined to a third hobby and passion
#Photography #film #travellover #thetouristfiles‚Ä¶ https://t.co/aLD0dlV3Kf",thetouristfiles,
"RT @TrafalgarRel: BTS has a special message‚Ä¶

#BTS WORLD TOUR LOVE YOURSELF IN SEOUL

Live the concert film in cinemas worldwide on January‚Ä¶",vrion_taehyung,
"RT @dhevans77: @cineworld What a bloody brilliant film, seemed to go on for ever. Brilliant performance from #KeiraKnightley quite possibly‚Ä¶",MagnificientK,
"RT @BAEKHODIARY_TH: [CHC √ó NU'EST W] Making Film üê¢üê∂üêØüê∞

üîóhttps://t.co/wfsGfALRFD

#NUEST_W #Îâ¥Ïù¥Ïä§Ìä∏W https://t.co/OTK7vkN4Sc",jrergie,
RT @drewisgooden: I remade that awful scene from the new Kim Possible movie: https://t.co/p9jqttyyJu,AranyaJohar,Mumbai
@Malhari0fficial @taran_adarsh @RanveerOfficial Congratulations üéä üéâ @RanveerOfficial fans üòç üòç on your 3rd 150 cr+ movie,Salmans_MD,Salmanistan
"RT @SarahKSilverman: The 1966 Batman movie is the greatest, all time https://t.co/RWdSJHr7zx",nevermindbilly,Bay Area
RT @quacksonqueen: Tom Holland and Mark Ruffalo when they start spoiling the movie https://t.co/oaPEBqYrZA,yovrbvcky,"till the end of the line, pal"
"RT @SSMusicTweet: #Petta the only Tamil film in AINACC list.

https://t.co/ASnNLgGRRF",Jagan_Djn,"Chennai, India"
RT @BiscoffButtz: A choose your own adventure movie of a guy who is programing a choose your own adventure game based off a choose your own‚Ä¶,_callmefanny_,Htown / üá≠üá≥
"RT @AFlamer5299: Have you seen the movie, Derailed: Two Men yet? 

See how amazing Uri Actor Choi Minho is. https://t.co/B334zuvoEU",MinYo129,
RT @kevinpokeeffe: this is already the best movie of 2019 https://t.co/8YCCriIoEg,Tighe_er,London
RT @HallyuM: [CONTEST] Be the first to catch this hottest Sci-Fi movie &lt;TAKE POINT&gt;as we're giving you the chance to win the premiere ticke‚Ä¶,mybunnyexo,
"Congrats to @DonnieJeep who found shot #222165! It was ""Midnight Special"" (2015) by Jeff Nichols. Back in 5 min! https://t.co/WCQSmRFKSk",whattheshot,Hollywood
"RT @harleivy: y'all remember one of the greatest, most iconic scenes in superhero movie history? well if you don't, i'm here to make sure y‚Ä¶",Rockszana,
"RT @TheKhbri: How many RTs for @Shoaib_Ibrahim1 ‚Äòs movie -Battalion 609 which is releasing on 11th Jan!

Watch it with @ms_dipika in an Cin‚Ä¶",AslamMe69324105,
"RT @_1209016_: Upcoming 2019 anime:

One Punch Man Season 2
Haikyuu!! Season 4
Boku no Hero Academia Season 4
Code Geass R3
Fate/Stay Night‚Ä¶",rowboytoe4,"San Diego, CA"
RT @ofckuyaedward: Attendance solid flyers. Retweet #HeartPunchMayWard &amp; comment your favorite scene of @maymayentrata07 &amp; @Barber_Edward_‚Ä¶,MadronioJane,
RT @kevinpokeeffe: this is already the best movie of 2019 https://t.co/8YCCriIoEg,sylIablej,New Zealand
"RT @sheikh_anon: Dead Silence (2007,Horror/Thriller)

One of the best horror thriller masterpiece from James Wan,ingat lagi masa tengok mov‚Ä¶",aimaasyrf,"Irbid, Hashemite Kingdom of Jo"
"This is the norm in Brazilianüáßüá∑ workplace culture. We always find some time for coffee, so we can chat about non wo‚Ä¶ https://t.co/Mp5Is5iP02",brunoborges,"Vancouver, British Columbia"
@forpIay Yo that movie was right,xvbrandon_,"Los Angeles, CA"
"RT @TajinderBagga: What a wonderful Concept Team URI. Waiting for the Release : First Movie on Surgical Strike
#URIDeceptiveStrike https://‚Ä¶",ImRealKartik,Bharat
"RT @NFAIOfficial: Before establishing as an eternal mother in #Hindi cinema with her iconic maternal roles, #NirupaRoy starred as Superman‚Ä¶",godavar,kahin na kahin
"RT @julzgum: don‚Äôt miss the #HeartPunchMayWard
on Fantastica movie 

#HeartPunchMayWard

@maymayentrata07 @Barber_Edward_ https://t.co/KL8l‚Ä¶",MWPHflyer,Republic of the Philippines
"RT @ImMoniqua: Watch lesbian movie: https://t.co/59ziU7hzfu
Monique Alexander Wearing Jeans Shorts in Office Giving Blowjob https://t.co/Et‚Ä¶",Gungrave_87,Spain
RT @somi_club: Whoever not watched  K.G.F: Chapter 1 yet a film by @TheNameIsYash plz go and watch it in theatres near you it‚Äôs a brilliant‚Ä¶,somikhan_FC,
"@DollyParton One of my all time Favorite movies! I wrote a whole report about you, Lilly, and my love for the movie‚Ä¶ https://t.co/YuiLUiS6cX",RStrangerAdvice,"Portland, Oregon USA"
"RT @AjithFansUpdate: #Viswasam Tickets Booking Spl Tag at 6:30PM

Be Ready to Trend üéâ

https://t.co/Ny9TEyZ7RO",VkBs1707,India
"RT @_roryturnbull: Hello, I'm a professor in a movie, I only reach the main point of my lecture right as class is ending. Then I yell at st‚Ä¶",Zanxite,"Leeds, England"
"RT @reheatmycoffee: Today in Lancaster, CA my friend of 30+ years was assaulted in a Jack in the Box parking lot at K and 10 St West. Suspe‚Ä¶",Graphiteshores,"Denver, CO"
"RT @aigooangel: huy i really love we &amp; us of moira and its because of the girl in the orange dress. grabe looking back at it, while the mus‚Ä¶",0626Malia,"National Capital Region, Repub"
RT @kevinpokeeffe: this is already the best movie of 2019 https://t.co/8YCCriIoEg,braxtonfannin,KY/NYC
RT @ShutterMAI_Land: Loool this random guy at the cinema assumed I was from Rwanda just pulled up and started speaking Rwandese with me on‚Ä¶,Kakuba_,Kampala
"Reminder: This isn't a poster for the Sonic Movie in Japan, this is one of those vertical advertising screens that‚Ä¶ https://t.co/QqJDISDCzM",RobiverseU,In A Middle Of Nowhere.
RT @SimmiAhuja_: And the movie name should be #theparadoxicalprimeminister https://t.co/zEddHuverk,GunjaSV,"Mumbai, India"
OMG!!! He‚Äôs right!!!,MstrThespi,Chicago area
"RT @TrafalgarRel: BTS has a special message‚Ä¶

#BTS WORLD TOUR LOVE YOURSELF IN SEOUL

Live the concert film in cinemas worldwide on January‚Ä¶",_03_1209,
RT @drewisgooden: I remade that awful scene from the new Kim Possible movie: https://t.co/p9jqttyyJu,mad1681,"Cleveland, OH"
"RT @exokiss88: Chanyeol is really genius, he knows how to play it well. Baek grab Xiumin, then Chanyeol grab Xiumin, so Baekhyun will move‚Ä¶",icryforpcy,Indonesia
RT @drewisgooden: I remade that awful scene from the new Kim Possible movie: https://t.co/p9jqttyyJu,leslymedina1022,"Rockville, MD"
